<?xml version="1.0" encoding="UTF-8"?>
<project version="4">
  <component name="ChangeListManager">
    <list default="true" id="a176f7d5-8d12-46d4-903e-f209314a01f8" name="Default" comment="">
      <change type="DELETED" beforePath="C:\Users\Pranay\PycharmProjects\FYPProject\Server\codechef_problem.py" afterPath="" />
      <change type="MODIFICATION" beforePath="$PROJECT_DIR$/Data Extraction/Codeforces/CodeforcesProblem.py" afterPath="$PROJECT_DIR$/Data Extraction/Codeforces/CodeforcesProblem.py" />
      <change type="MODIFICATION" beforePath="$PROJECT_DIR$/.idea/FYP.iml" afterPath="$PROJECT_DIR$/.idea/FYP.iml" />
      <change type="MODIFICATION" beforePath="$PROJECT_DIR$/Server/exceptScenarios.log" afterPath="$PROJECT_DIR$/Server/exceptScenarios.log" />
      <change type="MODIFICATION" beforePath="$PROJECT_DIR$/.idea/misc.xml" afterPath="$PROJECT_DIR$/.idea/misc.xml" />
      <change type="MODIFICATION" beforePath="$PROJECT_DIR$/Extension/myscript.js" afterPath="$PROJECT_DIR$/Extension/myscript.js" />
      <change type="MODIFICATION" beforePath="$PROJECT_DIR$/Extension/popup.html" afterPath="$PROJECT_DIR$/Extension/popup.html" />
      <change type="MODIFICATION" beforePath="$PROJECT_DIR$/Extension/popup.js" afterPath="$PROJECT_DIR$/Extension/popup.js" />
      <change type="MODIFICATION" beforePath="$PROJECT_DIR$/Data Extraction/codechef/problems.py" afterPath="$PROJECT_DIR$/Data Extraction/codechef/problems.py" />
      <change type="MODIFICATION" beforePath="$PROJECT_DIR$/Server/server.py" afterPath="$PROJECT_DIR$/Server/server.py" />
      <change type="MODIFICATION" beforePath="$PROJECT_DIR$/Data Extraction/SPOJ/spojProblem.py" afterPath="$PROJECT_DIR$/Data Extraction/SPOJ/spojProblem.py" />
      <change type="MODIFICATION" beforePath="$PROJECT_DIR$/.idea/workspace.xml" afterPath="$PROJECT_DIR$/.idea/workspace.xml" />
      <change type="MODIFICATION" beforePath="$PROJECT_DIR$/Model Training/Codeforces Model 2 - TF-IDF/classifier/combinatorics_classifier.pickle" afterPath="$PROJECT_DIR$/Model Training/Codeforces Model 2 - TF-IDF/classifier/combinatorics_classifier.pickle" />
      <change type="MODIFICATION" beforePath="$PROJECT_DIR$/Model Training/Codeforces Model 2 - TF-IDF/classifier/dp_classifier.pickle" afterPath="$PROJECT_DIR$/Model Training/Codeforces Model 2 - TF-IDF/classifier/dp_classifier.pickle" />
      <change type="MODIFICATION" beforePath="$PROJECT_DIR$/Model Training/Codeforces Model 2 - TF-IDF/classifier/graph_classifier.pickle" afterPath="$PROJECT_DIR$/Model Training/Codeforces Model 2 - TF-IDF/classifier/graph_classifier.pickle" />
      <change type="MODIFICATION" beforePath="$PROJECT_DIR$/Model Training/Codeforces Model 2 - TF-IDF/classifier/greedy_classifier.pickle" afterPath="$PROJECT_DIR$/Model Training/Codeforces Model 2 - TF-IDF/classifier/greedy_classifier.pickle" />
      <change type="MODIFICATION" beforePath="$PROJECT_DIR$/Model Training/Codeforces Model 2 - TF-IDF/classifier/math_classifier.pickle" afterPath="$PROJECT_DIR$/Model Training/Codeforces Model 2 - TF-IDF/classifier/math_classifier.pickle" />
      <change type="MODIFICATION" beforePath="$PROJECT_DIR$/Model Training/Codeforces Model 2 - TF-IDF/classifier/tree_classifier.pickle" afterPath="$PROJECT_DIR$/Model Training/Codeforces Model 2 - TF-IDF/classifier/tree_classifier.pickle" />
      <change type="MODIFICATION" beforePath="$PROJECT_DIR$/.idea/workspace.xml" afterPath="$PROJECT_DIR$/.idea/workspace.xml" />
      <change type="MODIFICATION" beforePath="$PROJECT_DIR$/Model Training/CodeChef Model 1/accuracy.csv" afterPath="$PROJECT_DIR$/Model Training/CodeChef Model 1/accuracy.csv" />
      <change type="MODIFICATION" beforePath="$PROJECT_DIR$/Model Training/CodeChef Model 1/data/combinatorics/20feature_word_all_data.csv" afterPath="$PROJECT_DIR$/Model Training/CodeChef Model 1/data/combinatorics/20feature_word_all_data.csv" />
      <change type="MODIFICATION" beforePath="$PROJECT_DIR$/Model Training/CodeChef Model 1/data/combinatorics/20feature_word_percentage.csv" afterPath="$PROJECT_DIR$/Model Training/CodeChef Model 1/data/combinatorics/20feature_word_percentage.csv" />
      <change type="MODIFICATION" beforePath="$PROJECT_DIR$/Model Training/CodeChef Model 1/data/combinatorics/dataset.csv" afterPath="$PROJECT_DIR$/Model Training/CodeChef Model 1/data/combinatorics/dataset.csv" />
      <change type="MODIFICATION" beforePath="$PROJECT_DIR$/Model Training/CodeChef Model 1/data/combinatorics/word_table.csv" afterPath="$PROJECT_DIR$/Model Training/CodeChef Model 1/data/combinatorics/word_table.csv" />
      <change type="MODIFICATION" beforePath="$PROJECT_DIR$/Model Training/CodeChef Model 1/data/dp/20feature_word_all_data.csv" afterPath="$PROJECT_DIR$/Model Training/CodeChef Model 1/data/dp/20feature_word_all_data.csv" />
      <change type="MODIFICATION" beforePath="$PROJECT_DIR$/Model Training/CodeChef Model 1/data/dp/20feature_word_percentage.csv" afterPath="$PROJECT_DIR$/Model Training/CodeChef Model 1/data/dp/20feature_word_percentage.csv" />
      <change type="MODIFICATION" beforePath="$PROJECT_DIR$/Model Training/CodeChef Model 1/data/dp/dataset.csv" afterPath="$PROJECT_DIR$/Model Training/CodeChef Model 1/data/dp/dataset.csv" />
      <change type="MODIFICATION" beforePath="$PROJECT_DIR$/Model Training/CodeChef Model 1/data/dp/word_table.csv" afterPath="$PROJECT_DIR$/Model Training/CodeChef Model 1/data/dp/word_table.csv" />
      <change type="MODIFICATION" beforePath="$PROJECT_DIR$/Model Training/CodeChef Model 1/data/graph/20feature_word_all_data.csv" afterPath="$PROJECT_DIR$/Model Training/CodeChef Model 1/data/graph/20feature_word_all_data.csv" />
      <change type="MODIFICATION" beforePath="$PROJECT_DIR$/Model Training/CodeChef Model 1/data/graph/20feature_word_percentage.csv" afterPath="$PROJECT_DIR$/Model Training/CodeChef Model 1/data/graph/20feature_word_percentage.csv" />
      <change type="MODIFICATION" beforePath="$PROJECT_DIR$/Model Training/CodeChef Model 1/data/graph/dataset.csv" afterPath="$PROJECT_DIR$/Model Training/CodeChef Model 1/data/graph/dataset.csv" />
      <change type="MODIFICATION" beforePath="$PROJECT_DIR$/Model Training/CodeChef Model 1/data/graph/word_table.csv" afterPath="$PROJECT_DIR$/Model Training/CodeChef Model 1/data/graph/word_table.csv" />
      <change type="MODIFICATION" beforePath="$PROJECT_DIR$/Model Training/CodeChef Model 1/data/greedy/20feature_word_all_data.csv" afterPath="$PROJECT_DIR$/Model Training/CodeChef Model 1/data/greedy/20feature_word_all_data.csv" />
      <change type="MODIFICATION" beforePath="$PROJECT_DIR$/Model Training/CodeChef Model 1/data/greedy/20feature_word_percentage.csv" afterPath="$PROJECT_DIR$/Model Training/CodeChef Model 1/data/greedy/20feature_word_percentage.csv" />
      <change type="MODIFICATION" beforePath="$PROJECT_DIR$/Model Training/CodeChef Model 1/data/greedy/dataset.csv" afterPath="$PROJECT_DIR$/Model Training/CodeChef Model 1/data/greedy/dataset.csv" />
      <change type="MODIFICATION" beforePath="$PROJECT_DIR$/Model Training/CodeChef Model 1/data/greedy/word_table.csv" afterPath="$PROJECT_DIR$/Model Training/CodeChef Model 1/data/greedy/word_table.csv" />
      <change type="MODIFICATION" beforePath="$PROJECT_DIR$/Model Training/CodeChef Model 1/data/math/20feature_word_all_data.csv" afterPath="$PROJECT_DIR$/Model Training/CodeChef Model 1/data/math/20feature_word_all_data.csv" />
      <change type="MODIFICATION" beforePath="$PROJECT_DIR$/Model Training/CodeChef Model 1/data/math/20feature_word_percentage.csv" afterPath="$PROJECT_DIR$/Model Training/CodeChef Model 1/data/math/20feature_word_percentage.csv" />
      <change type="MODIFICATION" beforePath="$PROJECT_DIR$/Model Training/CodeChef Model 1/data/math/dataset.csv" afterPath="$PROJECT_DIR$/Model Training/CodeChef Model 1/data/math/dataset.csv" />
      <change type="MODIFICATION" beforePath="$PROJECT_DIR$/Model Training/CodeChef Model 1/data/math/word_table.csv" afterPath="$PROJECT_DIR$/Model Training/CodeChef Model 1/data/math/word_table.csv" />
      <change type="MODIFICATION" beforePath="$PROJECT_DIR$/Model Training/CodeChef Model 1/data/tree/20feature_word_all_data.csv" afterPath="$PROJECT_DIR$/Model Training/CodeChef Model 1/data/tree/20feature_word_all_data.csv" />
      <change type="MODIFICATION" beforePath="$PROJECT_DIR$/Model Training/CodeChef Model 1/data/tree/20feature_word_percentage.csv" afterPath="$PROJECT_DIR$/Model Training/CodeChef Model 1/data/tree/20feature_word_percentage.csv" />
      <change type="MODIFICATION" beforePath="$PROJECT_DIR$/Model Training/CodeChef Model 1/data/tree/dataset.csv" afterPath="$PROJECT_DIR$/Model Training/CodeChef Model 1/data/tree/dataset.csv" />
      <change type="MODIFICATION" beforePath="$PROJECT_DIR$/Model Training/CodeChef Model 1/data/tree/word_table.csv" afterPath="$PROJECT_DIR$/Model Training/CodeChef Model 1/data/tree/word_table.csv" />
      <change type="MODIFICATION" beforePath="$PROJECT_DIR$/Model Training/CodeChef Model 1/generate_dataset.py" afterPath="$PROJECT_DIR$/Model Training/CodeChef Model 1/generate_dataset.py" />
      <change type="MODIFICATION" beforePath="$PROJECT_DIR$/Model Training/CodeChef Model 1/model/combinatorics" afterPath="$PROJECT_DIR$/Model Training/CodeChef Model 1/model/combinatorics" />
      <change type="MODIFICATION" beforePath="$PROJECT_DIR$/Model Training/CodeChef Model 1/model/dp" afterPath="$PROJECT_DIR$/Model Training/CodeChef Model 1/model/dp" />
      <change type="MODIFICATION" beforePath="$PROJECT_DIR$/Model Training/CodeChef Model 1/model/graph" afterPath="$PROJECT_DIR$/Model Training/CodeChef Model 1/model/graph" />
      <change type="MODIFICATION" beforePath="$PROJECT_DIR$/Model Training/CodeChef Model 1/model/greedy" afterPath="$PROJECT_DIR$/Model Training/CodeChef Model 1/model/greedy" />
      <change type="MODIFICATION" beforePath="$PROJECT_DIR$/Model Training/CodeChef Model 1/model/math" afterPath="$PROJECT_DIR$/Model Training/CodeChef Model 1/model/math" />
      <change type="MODIFICATION" beforePath="$PROJECT_DIR$/Model Training/CodeChef Model 1/model/tree" afterPath="$PROJECT_DIR$/Model Training/CodeChef Model 1/model/tree" />
      <change type="MODIFICATION" beforePath="$PROJECT_DIR$/Model Training/CodeChef Model 1/train.py" afterPath="$PROJECT_DIR$/Model Training/CodeChef Model 1/train.py" />
      <change type="MODIFICATION" beforePath="$PROJECT_DIR$/Model Training/Codeforces Model 2 - TF-IDF/accuracy.csv" afterPath="$PROJECT_DIR$/Model Training/Codeforces Model 2 - TF-IDF/accuracy.csv" />
      <change type="MODIFICATION" beforePath="$PROJECT_DIR$/Model Training/Utilities/constants.py" afterPath="$PROJECT_DIR$/Model Training/Utilities/constants.py" />
    </list>
    <ignored path="FYP.iws" />
    <ignored path=".idea/workspace.xml" />
    <option name="EXCLUDED_CONVERTED_TO_IGNORED" value="true" />
    <option name="TRACKING_ENABLED" value="true" />
    <option name="SHOW_DIALOG" value="false" />
    <option name="HIGHLIGHT_CONFLICTS" value="true" />
    <option name="HIGHLIGHT_NON_ACTIVE_CHANGELIST" value="false" />
    <option name="LAST_RESOLUTION" value="IGNORE" />
  </component>
  <component name="ChangesViewManager" flattened_view="true" show_ignored="false" />
  <component name="CoverageDataManager">
    <SUITE FILE_PATH="coverage/FYP$visualization.coverage" NAME="visualization Coverage Results" MODIFIED="1483301821912" SOURCE_PROVIDER="com.intellij.coverage.DefaultCoverageFileProvider" RUNNER="coverage.py" COVERAGE_BY_TEST_ENABLED="true" COVERAGE_TRACING_ENABLED="false" WORKING_DIRECTORY="$PROJECT_DIR$/Data Extraction/codechef/orm" />
    <SUITE FILE_PATH="coverage/FYP$cluster.coverage" NAME="cluster Coverage Results" MODIFIED="1482139889674" SOURCE_PROVIDER="com.intellij.coverage.DefaultCoverageFileProvider" RUNNER="coverage.py" COVERAGE_BY_TEST_ENABLED="true" COVERAGE_TRACING_ENABLED="false" WORKING_DIRECTORY="$PROJECT_DIR$/Data Extraction/codechef/orm" />
    <SUITE FILE_PATH="coverage/FYP$scrapeCodeForceUser.coverage" NAME="scrapeCodeForceUser Coverage Results" MODIFIED="1483256108184" SOURCE_PROVIDER="com.intellij.coverage.DefaultCoverageFileProvider" RUNNER="coverage.py" COVERAGE_BY_TEST_ENABLED="true" COVERAGE_TRACING_ENABLED="false" WORKING_DIRECTORY="$PROJECT_DIR$/Data Extraction/Codeforces_User" />
    <SUITE FILE_PATH="coverage/FYP$fill_blank_desc.coverage" NAME="fill_blank_desc Coverage Results" MODIFIED="1481960338854" SOURCE_PROVIDER="com.intellij.coverage.DefaultCoverageFileProvider" RUNNER="coverage.py" COVERAGE_BY_TEST_ENABLED="true" COVERAGE_TRACING_ENABLED="false" WORKING_DIRECTORY="$PROJECT_DIR$/Data Transformation/codechef_problem" />
    <SUITE FILE_PATH="coverage/FYP$get_probs.coverage" NAME="get_probs Coverage Results" MODIFIED="1483300956624" SOURCE_PROVIDER="com.intellij.coverage.DefaultCoverageFileProvider" RUNNER="coverage.py" COVERAGE_BY_TEST_ENABLED="true" COVERAGE_TRACING_ENABLED="false" WORKING_DIRECTORY="$PROJECT_DIR$/Data Extraction/codechef/orm" />
    <SUITE FILE_PATH="coverage/FYP$word_count.coverage" NAME="word_count Coverage Results" MODIFIED="1483301386850" SOURCE_PROVIDER="com.intellij.coverage.DefaultCoverageFileProvider" RUNNER="coverage.py" COVERAGE_BY_TEST_ENABLED="true" COVERAGE_TRACING_ENABLED="false" WORKING_DIRECTORY="$PROJECT_DIR$/Data Extraction/codechef/orm" />
    <SUITE FILE_PATH="coverage/FYP$minimize_desc.coverage" NAME="minimize_desc Coverage Results" MODIFIED="1483266424875" SOURCE_PROVIDER="com.intellij.coverage.DefaultCoverageFileProvider" RUNNER="coverage.py" COVERAGE_BY_TEST_ENABLED="true" COVERAGE_TRACING_ENABLED="false" WORKING_DIRECTORY="$PROJECT_DIR$/Data Transformation/codechef_problem" />
    <SUITE FILE_PATH="coverage/FYP$train.coverage" NAME="train Coverage Results" MODIFIED="1483269589742" SOURCE_PROVIDER="com.intellij.coverage.DefaultCoverageFileProvider" RUNNER="coverage.py" COVERAGE_BY_TEST_ENABLED="true" COVERAGE_TRACING_ENABLED="false" WORKING_DIRECTORY="$PROJECT_DIR$/Data Extraction/codechef/orm" />
  </component>
  <component name="CreatePatchCommitExecutor">
    <option name="PATCH_PATH" value="" />
  </component>
  <component name="ExecutionTargetManager" SELECTED_TARGET="default_target" />
  <component name="FavoritesManager">
    <favorites_list name="FYP" />
  </component>
  <component name="FileEditorManager">
    <leaf>
      <file leaf-file-name="server.py" pinned="false" current-in-tab="false">
        <entry file="file://$PROJECT_DIR$/Server/server.py">
          <provider selected="true" editor-type-id="text-editor">
            <state vertical-scroll-proportion="0.0">
              <caret line="43" column="23" selection-start-line="43" selection-start-column="23" selection-end-line="43" selection-end-column="23" />
              <folding>
                <element signature="e#304#351#0" expanded="true" />
            <state relative-caret-position="1050">
              <caret line="93" column="27" selection-start-line="93" selection-start-column="27" selection-end-line="93" selection-end-column="27" />
              <folding>
                <element signature="e#0#40#0" expanded="true" />
              </folding>
            </state>
          </provider>
        </entry>
      </file>
      <file leaf-file-name="spojProblem.py" pinned="false" current-in-tab="false">
        <entry file="file://$PROJECT_DIR$/Data Extraction/SPOJ/spojProblem.py">
          <provider selected="true" editor-type-id="text-editor">
            <state vertical-scroll-proportion="0.0">
              <caret line="63" column="81" selection-start-line="63" selection-start-column="81" selection-end-line="63" selection-end-column="81" />
              <folding>
                <element signature="e#0#10#0" expanded="true" />
              </folding>
            </state>
          </provider>
        </entry>
      </file>
      <file leaf-file-name="predictCategory.py" pinned="false" current-in-tab="false">
        <entry file="file://$PROJECT_DIR$/Server/predictCategory.py">
          <provider selected="true" editor-type-id="text-editor">
            <state vertical-scroll-proportion="0.0">
              <caret line="2" column="0" selection-start-line="2" selection-start-column="0" selection-end-line="2" selection-end-column="56" />
              <folding />
            </state>
          </provider>
        </entry>
      </file>
      <file leaf-file-name="problems.py" pinned="false" current-in-tab="true">
        <entry file="file://$PROJECT_DIR$/Data Extraction/codechef/problems.py">
          <provider selected="true" editor-type-id="text-editor">
            <state vertical-scroll-proportion="0.78535354">
              <caret line="151" column="15" selection-start-line="151" selection-start-column="15" selection-end-line="151" selection-end-column="15" />
              <folding />
            </state>
          </provider>
        </entry>
      </file>
      <file leaf-file-name="myscript.js" pinned="false" current-in-tab="false">
        <entry file="file://$PROJECT_DIR$/Extension/myscript.js">
          <provider selected="true" editor-type-id="text-editor">
            <state vertical-scroll-proportion="0.0">
              <caret line="19" column="7" selection-start-line="19" selection-start-column="7" selection-end-line="19" selection-end-column="7" />
              <folding />
            </state>
          </provider>
        </entry>
      </file>
      <file leaf-file-name="predict.py" pinned="false" current-in-tab="false">
        <entry file="file://$PROJECT_DIR$/Model Training/Integrated Model 1/predict.py">
          <provider selected="true" editor-type-id="text-editor">
            <state vertical-scroll-proportion="0.0">
              <caret line="24" column="19" selection-start-line="24" selection-start-column="19" selection-end-line="24" selection-end-column="19" />
              <folding />
            </state>
          </provider>
        </entry>
      </file>
      <file leaf-file-name="popup.html" pinned="false" current-in-tab="false">
        <entry file="file://$PROJECT_DIR$/Extension/popup.html">
          <provider selected="true" editor-type-id="text-editor">
            <state vertical-scroll-proportion="-7.3846154">
              <caret line="20" column="81" selection-start-line="20" selection-start-column="81" selection-end-line="20" selection-end-column="81" />
              <folding>
                <element signature="n#style#0;n#button#0;n#body#0;n#html#0;n#!!top" expanded="true" />
                <element signature="n#style#0;n#img#0;n#body#0;n#html#0;n#!!top" expanded="true" />
                <element signature="n#style#0;n#div#0;n#body#0;n#html#0;n#!!top" expanded="true" />
              </folding>
            </state>
          </provider>
        </entry>
      </file>
      <file leaf-file-name="CodeforcesProblem.py" pinned="false" current-in-tab="false">
        <entry file="file://$PROJECT_DIR$/Data Extraction/Codeforces/CodeforcesProblem.py">
          <provider selected="true" editor-type-id="text-editor">
            <state vertical-scroll-proportion="0.0">
              <caret line="106" column="11" selection-start-line="106" selection-start-column="11" selection-end-line="106" selection-end-column="11" />
              <folding />
            </state>
          </provider>
        </entry>
      </file>
    </leaf>
  </component>
  <component name="FileTemplateManagerImpl">
    <option name="RECENT_TEMPLATES">
      <list>
        <option value="Python Script" />
      </list>
    </option>
  </component>
  <component name="FindInProjectRecents">
    <findStrings>
      <find>,</find>
      <find>-</find>
    </findStrings>
  </component>
  <component name="Git.Settings">
    <option name="RECENT_GIT_ROOT_PATH" value="$PROJECT_DIR$" />
  </component>
  <component name="IdeDocumentHistory">
    <option name="CHANGED_PATHS">
      <list>
        <option value="$PROJECT_DIR$/Data Extraction/Codechef/scaro.py" />
        <option value="$PROJECT_DIR$/Data Extraction/SPOJ/scrapeSpojProblem.py" />
        <option value="$PROJECT_DIR$/Data Transformation/codechef_problem/fill_blank_desc.py" />
        <option value="$PROJECT_DIR$/Data Extraction/codechef/orm/cluster.py" />
        <option value="$PROJECT_DIR$/Data Extraction/Codeforces_User/scrapeCodeForceUser.py" />
        <option value="$PROJECT_DIR$/Data Extraction/codechef/orm/train.py" />
        <option value="$PROJECT_DIR$/Data Extraction/codechef/orm/word_count.py" />
        <option value="$PROJECT_DIR$/Data Extraction/codechef/orm/get_probs.py" />
        <option value="$PROJECT_DIR$/Data Extraction/codechef/orm/dp_dataset.csv" />
        <option value="$PROJECT_DIR$/Data Extraction/codechef/orm/visualization.py" />
        <option value="$PROJECT_DIR$/Model Training/Codechef/training_params.py" />
        <option value="$PROJECT_DIR$/Model Training/Codechef/get_probs.py" />
        <option value="$PROJECT_DIR$/Data Extraction/codechef/CodechefProblemPage.py" />
        <option value="$PROJECT_DIR$/Server/CodechefProblemPage.py" />
        <option value="$PROJECT_DIR$/Model Training/Codechef/train.py" />
        <option value="$PROJECT_DIR$/Data Transformation/codechef/transform_user.py" />
        <option value="$PROJECT_DIR$/Data Transformation/codeforces_user/transform_user.py" />
        <option value="$PROJECT_DIR$/Data Transformation/DataBase/sqlDB.py" />
        <option value="$PROJECT_DIR$/Model Training/Codechef Model 2 - TF-IDF/get_probs.py" />
        <option value="$PROJECT_DIR$/Model Training/Codeforces Model 2 - TF-IDF/get_probs.py" />
        <option value="$PROJECT_DIR$/Model Training/Codeforces Model 2 - TF-IDF/feature_extraction.py" />
        <option value="$PROJECT_DIR$/Server/predict.py" />
        <option value="$PROJECT_DIR$/Data Transformation/codechef_problem/prob_class.py" />
        <option value="$PROJECT_DIR$/Model Training/Codechef/feature_extraction.py" />
        <option value="$PROJECT_DIR$/Data Transformation/codechef_problem/minimize_desc.py" />
        <option value="$PROJECT_DIR$/Data Transformation/codeforces_problem/lemmatization.py" />
        <option value="$PROJECT_DIR$/Data Transformation/codeforces_problem/minimize_desc.py" />
        <option value="$PROJECT_DIR$/Data Transformation/codeforces_problem/remove_nondecodable_chars.py" />
        <option value="$PROJECT_DIR$/Data Transformation/codeforces_problem/removePunctuation.py" />
        <option value="$PROJECT_DIR$/Server/codechef_problem.py" />
        <option value="$PROJECT_DIR$/Extension/manifest.json" />
        <option value="$PROJECT_DIR$/Extension/background.js" />
        <option value="$PROJECT_DIR$/Model Training/CodeChef Model 1/predict.py" />
        <option value="$PROJECT_DIR$/Server/predictCategory.py" />
        <option value="$PROJECT_DIR$/Data Transformation/codechef_problem/remove_nondecodable_chars.py" />
        <option value="$PROJECT_DIR$/Data Transformation/codechef_problem/removePunctuation.py" />
        <option value="$PROJECT_DIR$/Data Transformation/codechef_problem/lemmatization.py" />
        <option value="$PROJECT_DIR$/Data Transformation/codechef_problem/transform_description.py" />
        <option value="$PROJECT_DIR$/Model Training/Utilities/get_session.py" />
        <option value="$PROJECT_DIR$/Model Training/Codeforces Model 3 - Naive Bayes/train.py" />
        <option value="$PROJECT_DIR$/Model Training/Codechef Model 2 - TF-IDF/train.py" />
        <option value="$PROJECT_DIR$/Model Training/Codeforces Model 2 - TF-IDF/prob_class.py" />
        <option value="$PROJECT_DIR$/Model Training/Integrated Model 1/train.py" />
        <option value="$PROJECT_DIR$/Model Training/Utilities/constants.py" />
        <option value="$PROJECT_DIR$/Model Training/CodeChef Model 1/train.py" />
        <option value="$PROJECT_DIR$/Model Training/Codeforces Model 2 - TF-IDF/train.py" />
        <option value="$PROJECT_DIR$/Model Training/CodeChef Model 1/generate_dataset.py" />
      </list>
    </option>
  </component>
  <component name="JsBuildToolGruntFileManager" detection-done="true" sorting="DEFINITION_ORDER" />
  <component name="JsBuildToolPackageJson" detection-done="true" sorting="DEFINITION_ORDER" />
  <component name="JsGulpfileManager">
    <detection-done>true</detection-done>
    <sorting>DEFINITION_ORDER</sorting>
  </component>
  <component name="NamedScopeManager">
    <order />
  </component>
  <component name="ProjectFrameBounds">
    <option name="x" value="-8" />
    <option name="y" value="-8" />
    <option name="width" value="1382" />
    <option name="height" value="784" />
  </component>
  <component name="ProjectLevelVcsManager" settingsEditedManually="false">
    <OptionsSetting value="true" id="Add" />
    <OptionsSetting value="true" id="Remove" />
    <OptionsSetting value="true" id="Checkout" />
    <OptionsSetting value="true" id="Update" />
    <OptionsSetting value="true" id="Status" />
    <OptionsSetting value="true" id="Edit" />
    <ConfirmationsSetting value="0" id="Add" />
    <ConfirmationsSetting value="0" id="Remove" />
  </component>
  <component name="ProjectView">
    <navigator currentView="ProjectPane" proportions="" version="1">
      <flattenPackages />
      <showMembers />
      <showModules />
      <showLibraryContents />
      <hideEmptyPackages />
      <abbreviatePackageNames />
      <autoscrollToSource />
      <autoscrollFromSource />
      <sortByType />
    </navigator>
    <panes>
      <pane id="ProjectPane">
        <subPane>
          <PATH>
            <PATH_ELEMENT>
              <option name="myItemId" value="FYP" />
              <option name="myItemType" value="com.intellij.ide.projectView.impl.nodes.ProjectViewProjectNode" />
            </PATH_ELEMENT>
          </PATH>
          <PATH>
            <PATH_ELEMENT>
              <option name="myItemId" value="FYP" />
              <option name="myItemType" value="com.intellij.ide.projectView.impl.nodes.ProjectViewProjectNode" />
            </PATH_ELEMENT>
            <PATH_ELEMENT>
              <option name="myItemId" value="FYPProject" />
              <option name="myItemType" value="com.intellij.ide.projectView.impl.nodes.PsiDirectoryNode" />
            </PATH_ELEMENT>
          </PATH>
          <PATH>
            <PATH_ELEMENT>
              <option name="myItemId" value="FYP" />
              <option name="myItemType" value="com.intellij.ide.projectView.impl.nodes.ProjectViewProjectNode" />
            </PATH_ELEMENT>
            <PATH_ELEMENT>
              <option name="myItemId" value="FYPProject" />
              <option name="myItemType" value="com.intellij.ide.projectView.impl.nodes.PsiDirectoryNode" />
            </PATH_ELEMENT>
            <PATH_ELEMENT>
              <option name="myItemId" value="Server" />
              <option name="myItemType" value="com.intellij.ide.projectView.impl.nodes.PsiDirectoryNode" />
            </PATH_ELEMENT>
          </PATH>
          <PATH>
            <PATH_ELEMENT>
              <option name="myItemId" value="FYP" />
              <option name="myItemType" value="com.intellij.ide.projectView.impl.nodes.ProjectViewProjectNode" />
            </PATH_ELEMENT>
            <PATH_ELEMENT>
              <option name="myItemId" value="FYPProject" />
              <option name="myItemType" value="com.intellij.ide.projectView.impl.nodes.PsiDirectoryNode" />
            </PATH_ELEMENT>
          </PATH>
          <PATH>
            <PATH_ELEMENT>
              <option name="myItemId" value="FYP" />
              <option name="myItemType" value="com.intellij.ide.projectView.impl.nodes.ProjectViewProjectNode" />
            </PATH_ELEMENT>
            <PATH_ELEMENT>
              <option name="myItemId" value="FYProject" />
              <option name="myItemType" value="com.intellij.ide.projectView.impl.nodes.PsiDirectoryNode" />
            </PATH_ELEMENT>
            <PATH_ELEMENT>
              <option name="myItemId" value="Model Training" />
              <option name="myItemType" value="com.intellij.ide.projectView.impl.nodes.PsiDirectoryNode" />
            </PATH_ELEMENT>
            <PATH_ELEMENT>
              <option name="myItemId" value="Model Training" />
              <option name="myItemType" value="com.intellij.ide.projectView.impl.nodes.PsiDirectoryNode" />
            </PATH_ELEMENT>
          </PATH>
          <PATH>
            <PATH_ELEMENT>
              <option name="myItemId" value="FYP" />
              <option name="myItemType" value="com.intellij.ide.projectView.impl.nodes.ProjectViewProjectNode" />
            </PATH_ELEMENT>
            <PATH_ELEMENT>
              <option name="myItemId" value="FYPProject" />
              <option name="myItemType" value="com.intellij.ide.projectView.impl.nodes.PsiDirectoryNode" />
            </PATH_ELEMENT>
            <PATH_ELEMENT>
              <option name="myItemId" value="Model Training" />
              <option name="myItemType" value="com.intellij.ide.projectView.impl.nodes.PsiDirectoryNode" />
            </PATH_ELEMENT>
            <PATH_ELEMENT>
              <option name="myItemId" value="Integrated Model 1" />
              <option name="myItemType" value="com.intellij.ide.projectView.impl.nodes.PsiDirectoryNode" />
            </PATH_ELEMENT>
          </PATH>
          <PATH>
            <PATH_ELEMENT>
              <option name="myItemId" value="FYP" />
              <option name="myItemType" value="com.intellij.ide.projectView.impl.nodes.ProjectViewProjectNode" />
            </PATH_ELEMENT>
            <PATH_ELEMENT>
              <option name="myItemId" value="FYPProject" />
              <option name="myItemType" value="com.intellij.ide.projectView.impl.nodes.PsiDirectoryNode" />
            </PATH_ELEMENT>
            <PATH_ELEMENT>
              <option name="myItemId" value="Data Extraction" />
              <option name="myItemType" value="com.intellij.ide.projectView.impl.nodes.PsiDirectoryNode" />
            </PATH_ELEMENT>
          </PATH>
          <PATH>
            <PATH_ELEMENT>
              <option name="myItemId" value="FYP" />
              <option name="myItemType" value="com.intellij.ide.projectView.impl.nodes.ProjectViewProjectNode" />
            </PATH_ELEMENT>
            <PATH_ELEMENT>
              <option name="myItemId" value="FYPProject" />
              <option name="myItemType" value="com.intellij.ide.projectView.impl.nodes.PsiDirectoryNode" />
            </PATH_ELEMENT>
            <PATH_ELEMENT>
              <option name="myItemId" value="CodeChef Model 1" />
              <option name="myItemType" value="com.intellij.ide.projectView.impl.nodes.PsiDirectoryNode" />
            </PATH_ELEMENT>
          </PATH>
        </subPane>
      </pane>
      <pane id="Scope" />
      <pane id="Scratches" />
    </panes>
  </component>
  <component name="PropertiesComponent">
    <property name="settings.editor.selected.configurable" value="com.jetbrains.python.configuration.PyActiveSdkModuleConfigurable" />
    <property name="recentsLimit" value="5" />
    <property name="WebServerToolWindowFactoryState" value="false" />
    <property name="js.eslint.eslintPackage" value="" />
    <property name="last_opened_file_path" value="$PROJECT_DIR$" />
    <property name="settings.editor.splitter.proportion" value="0.2" />
  </component>
  <component name="PyConsoleOptionsProvider">
    <option name="myPythonConsoleState">
      <console-settings is-module-sdk="true">
        <option name="myUseModuleSdk" value="true" />
      </console-settings>
    </option>
  </component>
  <component name="RecentsManager">
    <key name="CopyFile.RECENT_KEYS">
      <recent name="$PROJECT_DIR$/Model Training/Codeforces Model 2 - TF-IDF" />
      <recent name="C:\Users\Pranay\PycharmProjects\FYPProject\Data Transformation\codeforces_problem" />
      <recent name="C:\Users\Dell\Documents\FYP\FYProject\Model Training\Codeforces Model 3 - Naive Bayes" />
      <recent name="C:\Users\Pranay\PycharmProjects\FYP\Model Training\Codeforces Model 2 - TF-IDF" />
      <recent name="C:\Users\Pranay\PycharmProjects\FYPProject\Server" />
    </key>
  </component>
  <component name="RunManager" selected="Python.train (2)">
    <configuration default="false" name="train" type="PythonConfigurationType" factoryName="Python" temporary="true">
      <option name="INTERPRETER_OPTIONS" value="" />
      <option name="PARENT_ENVS" value="true" />
      <envs>
        <env name="PYTHONUNBUFFERED" value="1" />
      </envs>
      <option name="SDK_HOME" value="" />
      <option name="WORKING_DIRECTORY" value="$PROJECT_DIR$/Model Training/Codeforces Model 3 - Naive Bayes" />
      <option name="IS_MODULE_SDK" value="true" />
      <option name="ADD_CONTENT_ROOTS" value="true" />
      <option name="ADD_SOURCE_ROOTS" value="true" />
      <module name="FYP" />
      <EXTENSION ID="PythonCoverageRunConfigurationExtension" enabled="false" sample_coverage="true" runner="coverage.py" />
      <option name="SCRIPT_NAME" value="$PROJECT_DIR$/Model Training/Codeforces Model 3 - Naive Bayes/train.py" />
      <option name="PARAMETERS" value="" />
      <option name="SHOW_COMMAND_LINE" value="false" />
      <method />
    </configuration>
    <configuration default="false" name="server" type="PythonConfigurationType" factoryName="Python" temporary="true">
      <option name="INTERPRETER_OPTIONS" value="" />
      <option name="PARENT_ENVS" value="true" />
      <envs>
        <env name="PYTHONUNBUFFERED" value="1" />
      </envs>
      <option name="SDK_HOME" value="" />
      <option name="WORKING_DIRECTORY" value="$PROJECT_DIR$/Server" />
      <option name="IS_MODULE_SDK" value="true" />
      <option name="ADD_CONTENT_ROOTS" value="true" />
      <option name="ADD_SOURCE_ROOTS" value="true" />
      <module name="FYP" />
      <EXTENSION ID="PythonCoverageRunConfigurationExtension" enabled="false" sample_coverage="true" runner="coverage.py" />
      <option name="SCRIPT_NAME" value="$PROJECT_DIR$/Server/server.py" />
      <option name="PARAMETERS" value="" />
      <option name="SHOW_COMMAND_LINE" value="false" />
      <method />
    </configuration>
    <configuration default="false" name="train (2)" type="PythonConfigurationType" factoryName="Python" temporary="true">
      <option name="INTERPRETER_OPTIONS" value="" />
      <option name="PARENT_ENVS" value="true" />
      <envs>
        <env name="PYTHONUNBUFFERED" value="1" />
      </envs>
      <option name="SDK_HOME" value="/usr/bin/python2.7" />
      <option name="WORKING_DIRECTORY" value="$PROJECT_DIR$/Model Training/CodeChef Model 1" />
      <option name="IS_MODULE_SDK" value="true" />
      <option name="ADD_CONTENT_ROOTS" value="true" />
      <option name="ADD_SOURCE_ROOTS" value="true" />
      <module name="FYP" />
      <EXTENSION ID="PythonCoverageRunConfigurationExtension" enabled="false" sample_coverage="true" runner="coverage.py" />
      <option name="SCRIPT_NAME" value="$PROJECT_DIR$/Model Training/CodeChef Model 1/train.py" />
      <option name="PARAMETERS" value="" />
      <option name="SHOW_COMMAND_LINE" value="false" />
      <method />
    </configuration>
    <configuration default="false" name="train (1)" type="PythonConfigurationType" factoryName="Python" temporary="true">
      <option name="INTERPRETER_OPTIONS" value="" />
      <option name="PARENT_ENVS" value="true" />
      <envs>
        <env name="PYTHONUNBUFFERED" value="1" />
      </envs>
      <option name="SDK_HOME" value="/usr/bin/python2.7" />
      <option name="WORKING_DIRECTORY" value="$PROJECT_DIR$/Model Training/Codeforces Model 2 - TF-IDF" />
      <option name="IS_MODULE_SDK" value="true" />
      <option name="ADD_CONTENT_ROOTS" value="true" />
      <option name="ADD_SOURCE_ROOTS" value="true" />
      <module name="FYP" />
      <EXTENSION ID="PythonCoverageRunConfigurationExtension" enabled="false" sample_coverage="true" runner="coverage.py" />
      <option name="SCRIPT_NAME" value="$PROJECT_DIR$/Model Training/Codeforces Model 2 - TF-IDF/train.py" />
      <option name="PARAMETERS" value="" />
      <option name="SHOW_COMMAND_LINE" value="false" />
      <method />
    </configuration>
    <configuration default="false" name="feature_extraction" type="PythonConfigurationType" factoryName="Python" temporary="true">
      <option name="INTERPRETER_OPTIONS" value="" />
      <option name="PARENT_ENVS" value="true" />
      <envs>
        <env name="PYTHONUNBUFFERED" value="1" />
      </envs>
      <option name="SDK_HOME" value="/usr/bin/python2.7" />
      <option name="WORKING_DIRECTORY" value="$PROJECT_DIR$/Model Training/Codeforces Model 2 - TF-IDF" />
      <option name="IS_MODULE_SDK" value="true" />
      <option name="ADD_CONTENT_ROOTS" value="true" />
      <option name="ADD_SOURCE_ROOTS" value="true" />
      <module name="FYP" />
      <EXTENSION ID="PythonCoverageRunConfigurationExtension" enabled="false" sample_coverage="true" runner="coverage.py" />
      <option name="SCRIPT_NAME" value="$PROJECT_DIR$/Model Training/Codeforces Model 2 - TF-IDF/feature_extraction.py" />
      <option name="PARAMETERS" value="" />
      <option name="SHOW_COMMAND_LINE" value="false" />
      <method />
    </configuration>
    <configuration default="true" type="PythonConfigurationType" factoryName="Python">
      <option name="INTERPRETER_OPTIONS" value="" />
      <option name="PARENT_ENVS" value="true" />
      <envs>
        <env name="PYTHONUNBUFFERED" value="1" />
      </envs>
      <option name="SDK_HOME" value="/usr/bin/python2.7" />
      <option name="WORKING_DIRECTORY" value="$PROJECT_DIR$" />
      <option name="IS_MODULE_SDK" value="false" />
      <option name="ADD_CONTENT_ROOTS" value="true" />
      <option name="ADD_SOURCE_ROOTS" value="true" />
      <module name="FYP" />
      <EXTENSION ID="PythonCoverageRunConfigurationExtension" enabled="false" sample_coverage="true" runner="coverage.py" />
      <option name="SCRIPT_NAME" value="" />
      <option name="PARAMETERS" value="" />
      <option name="SHOW_COMMAND_LINE" value="false" />
      <method />
    </configuration>
    <configuration default="true" type="tests" factoryName="Attests">
      <option name="INTERPRETER_OPTIONS" value="" />
      <option name="PARENT_ENVS" value="true" />
      <envs />
      <option name="SDK_HOME" value="" />
      <option name="WORKING_DIRECTORY" value="" />
      <option name="IS_MODULE_SDK" value="false" />
      <option name="ADD_CONTENT_ROOTS" value="true" />
      <option name="ADD_SOURCE_ROOTS" value="true" />
      <module name="FYP" />
      <EXTENSION ID="PythonCoverageRunConfigurationExtension" enabled="false" sample_coverage="true" runner="coverage.py" />
      <option name="SCRIPT_NAME" value="" />
      <option name="CLASS_NAME" value="" />
      <option name="METHOD_NAME" value="" />
      <option name="FOLDER_NAME" value="" />
      <option name="TEST_TYPE" value="TEST_SCRIPT" />
      <option name="PATTERN" value="" />
      <option name="USE_PATTERN" value="false" />
      <method />
    </configuration>
    <configuration default="true" type="tests" factoryName="Doctests">
      <option name="INTERPRETER_OPTIONS" value="" />
      <option name="PARENT_ENVS" value="true" />
      <envs />
      <option name="SDK_HOME" value="" />
      <option name="WORKING_DIRECTORY" value="" />
      <option name="IS_MODULE_SDK" value="false" />
      <option name="ADD_CONTENT_ROOTS" value="true" />
      <option name="ADD_SOURCE_ROOTS" value="true" />
      <module name="FYP" />
      <EXTENSION ID="PythonCoverageRunConfigurationExtension" enabled="false" sample_coverage="true" runner="coverage.py" />
      <option name="SCRIPT_NAME" value="" />
      <option name="CLASS_NAME" value="" />
      <option name="METHOD_NAME" value="" />
      <option name="FOLDER_NAME" value="" />
      <option name="TEST_TYPE" value="TEST_SCRIPT" />
      <option name="PATTERN" value="" />
      <option name="USE_PATTERN" value="false" />
      <method />
    </configuration>
    <configuration default="true" type="tests" factoryName="Nosetests">
      <option name="INTERPRETER_OPTIONS" value="" />
      <option name="PARENT_ENVS" value="true" />
      <envs />
      <option name="SDK_HOME" value="" />
      <option name="WORKING_DIRECTORY" value="" />
      <option name="IS_MODULE_SDK" value="false" />
      <option name="ADD_CONTENT_ROOTS" value="true" />
      <option name="ADD_SOURCE_ROOTS" value="true" />
      <module name="FYP" />
      <EXTENSION ID="PythonCoverageRunConfigurationExtension" enabled="false" sample_coverage="true" runner="coverage.py" />
      <option name="SCRIPT_NAME" value="" />
      <option name="CLASS_NAME" value="" />
      <option name="METHOD_NAME" value="" />
      <option name="FOLDER_NAME" value="" />
      <option name="TEST_TYPE" value="TEST_SCRIPT" />
      <option name="PATTERN" value="" />
      <option name="USE_PATTERN" value="false" />
      <option name="PARAMS" value="" />
      <option name="USE_PARAM" value="false" />
      <method />
    </configuration>
    <configuration default="true" type="tests" factoryName="Unittests">
      <option name="INTERPRETER_OPTIONS" value="" />
      <option name="PARENT_ENVS" value="true" />
      <envs />
      <option name="SDK_HOME" value="" />
      <option name="WORKING_DIRECTORY" value="" />
      <option name="IS_MODULE_SDK" value="false" />
      <option name="ADD_CONTENT_ROOTS" value="true" />
      <option name="ADD_SOURCE_ROOTS" value="true" />
      <module name="FYP" />
      <EXTENSION ID="PythonCoverageRunConfigurationExtension" enabled="false" sample_coverage="true" runner="coverage.py" />
      <option name="SCRIPT_NAME" value="" />
      <option name="CLASS_NAME" value="" />
      <option name="METHOD_NAME" value="" />
      <option name="FOLDER_NAME" value="" />
      <option name="TEST_TYPE" value="TEST_SCRIPT" />
      <option name="PATTERN" value="" />
      <option name="USE_PATTERN" value="false" />
      <option name="PUREUNITTEST" value="true" />
      <option name="PARAMS" value="" />
      <option name="USE_PARAM" value="false" />
      <method />
    </configuration>
    <configuration default="true" type="tests" factoryName="py.test">
      <option name="INTERPRETER_OPTIONS" value="" />
      <option name="PARENT_ENVS" value="true" />
      <envs />
      <option name="SDK_HOME" value="" />
      <option name="WORKING_DIRECTORY" value="" />
      <option name="IS_MODULE_SDK" value="false" />
      <option name="ADD_CONTENT_ROOTS" value="true" />
      <option name="ADD_SOURCE_ROOTS" value="true" />
      <module name="FYP" />
      <EXTENSION ID="PythonCoverageRunConfigurationExtension" enabled="false" sample_coverage="true" runner="coverage.py" />
      <option name="SCRIPT_NAME" value="" />
      <option name="CLASS_NAME" value="" />
      <option name="METHOD_NAME" value="" />
      <option name="FOLDER_NAME" value="" />
      <option name="TEST_TYPE" value="TEST_SCRIPT" />
      <option name="PATTERN" value="" />
      <option name="USE_PATTERN" value="false" />
      <option name="testToRun" value="" />
      <option name="keywords" value="" />
      <option name="params" value="" />
      <option name="USE_PARAM" value="false" />
      <option name="USE_KEYWORD" value="false" />
      <method />
    </configuration>
    <list size="5">
      <item index="0" class="java.lang.String" itemvalue="Python.train" />
      <item index="1" class="java.lang.String" itemvalue="Python.server" />
      <item index="2" class="java.lang.String" itemvalue="Python.train (2)" />
      <item index="3" class="java.lang.String" itemvalue="Python.train (1)" />
      <item index="4" class="java.lang.String" itemvalue="Python.feature_extraction" />
    </list>
    <recent_temporary>
      <list size="5">
        <item index="0" class="java.lang.String" itemvalue="Python.train (2)" />
        <item index="1" class="java.lang.String" itemvalue="Python.train" />
        <item index="2" class="java.lang.String" itemvalue="Python.train (1)" />
        <item index="3" class="java.lang.String" itemvalue="Python.feature_extraction" />
        <item index="4" class="java.lang.String" itemvalue="Python.server" />
      </list>
    </recent_temporary>
  </component>
  <component name="ShelveChangesManager" show_recycled="false" />
  <component name="SvnConfiguration">
    <configuration />
  </component>
  <component name="TaskManager">
    <task active="true" id="Default" summary="Default task">
      <changelist id="a176f7d5-8d12-46d4-903e-f209314a01f8" name="Default" comment="" />
      <created>1477719345312</created>
      <option name="number" value="Default" />
      <updated>1477719345312</updated>
    </task>
    <task id="LOCAL-00001" summary="small changes">
      <created>1477732379131</created>
      <option name="number" value="00001" />
      <option name="project" value="LOCAL" />
      <updated>1477732379131</updated>
    </task>
    <task id="LOCAL-00002" summary="added difficulty wise counter for codeforces users">
      <created>1483852764571</created>
      <option name="number" value="00002" />
      <option name="project" value="LOCAL" />
      <updated>1483852764571</updated>
    </task>
    <option name="localTasksCounter" value="3" />
    <servers />
  </component>
  <component name="ToolWindowManager">
    <frame x="-8" y="-8" width="1382" height="784" extended-state="6" />
    <editor active="true" />
    <layout>
      <window_info id="Project" active="false" anchor="left" auto_hide="false" internal_type="DOCKED" type="DOCKED" visible="true" show_stripe_button="true" weight="0.2590315" sideWeight="0.5" order="0" side_tool="false" content_ui="combo" />
      <window_info id="TODO" active="false" anchor="bottom" auto_hide="false" internal_type="DOCKED" type="DOCKED" visible="false" show_stripe_button="true" weight="0.33" sideWeight="0.5" order="6" side_tool="false" content_ui="tabs" />
      <window_info id="Event Log" active="false" anchor="bottom" auto_hide="false" internal_type="DOCKED" type="DOCKED" visible="false" show_stripe_button="true" weight="0.3721973" sideWeight="0.50269026" order="12" side_tool="true" content_ui="tabs" />
      <window_info id="Version Control" active="false" anchor="bottom" auto_hide="false" internal_type="DOCKED" type="DOCKED" visible="false" show_stripe_button="true" weight="0.33" sideWeight="0.5" order="7" side_tool="false" content_ui="tabs" />
      <window_info id="Python Console" active="false" anchor="bottom" auto_hide="false" internal_type="DOCKED" type="DOCKED" visible="false" show_stripe_button="true" weight="0.33" sideWeight="0.5" order="9" side_tool="false" content_ui="tabs" />
      <window_info id="Structure" active="false" anchor="left" auto_hide="false" internal_type="DOCKED" type="DOCKED" visible="false" show_stripe_button="true" weight="0.25" sideWeight="0.5" order="1" side_tool="false" content_ui="tabs" />
      <window_info id="Terminal" active="false" anchor="bottom" auto_hide="false" internal_type="DOCKED" type="DOCKED" visible="false" show_stripe_button="true" weight="0.33" sideWeight="0.5" order="11" side_tool="false" content_ui="tabs" />
      <window_info id="Favorites" active="false" anchor="left" auto_hide="false" internal_type="DOCKED" type="DOCKED" visible="false" show_stripe_button="true" weight="0.33" sideWeight="0.5" order="2" side_tool="true" content_ui="tabs" />
      <window_info id="Cvs" active="false" anchor="bottom" auto_hide="false" internal_type="DOCKED" type="DOCKED" visible="false" show_stripe_button="true" weight="0.25" sideWeight="0.5" order="4" side_tool="false" content_ui="tabs" />
      <window_info id="Messages" active="false" anchor="bottom" auto_hide="false" internal_type="DOCKED" type="DOCKED" visible="false" show_stripe_button="true" weight="0.33" sideWeight="0.5" order="8" side_tool="false" content_ui="tabs" />
      <window_info id="Message" active="false" anchor="bottom" auto_hide="false" internal_type="DOCKED" type="DOCKED" visible="false" show_stripe_button="true" weight="0.33" sideWeight="0.5" order="0" side_tool="false" content_ui="tabs" />
      <window_info id="Commander" active="false" anchor="right" auto_hide="false" internal_type="SLIDING" type="SLIDING" visible="false" show_stripe_button="true" weight="0.4" sideWeight="0.5" order="0" side_tool="false" content_ui="tabs" />
      <window_info id="Application Servers" active="false" anchor="bottom" auto_hide="false" internal_type="DOCKED" type="DOCKED" visible="false" show_stripe_button="true" weight="0.33" sideWeight="0.5" order="10" side_tool="false" content_ui="tabs" />
      <window_info id="Inspection" active="false" anchor="bottom" auto_hide="false" internal_type="DOCKED" type="DOCKED" visible="false" show_stripe_button="true" weight="0.4" sideWeight="0.5" order="5" side_tool="false" content_ui="tabs" />
      <window_info id="Run" active="false" anchor="bottom" auto_hide="false" internal_type="DOCKED" type="DOCKED" visible="false" show_stripe_button="true" weight="0.3721973" sideWeight="0.49730977" order="2" side_tool="false" content_ui="tabs" />
      <window_info id="Hierarchy" active="false" anchor="right" auto_hide="false" internal_type="DOCKED" type="DOCKED" visible="false" show_stripe_button="true" weight="0.25" sideWeight="0.5" order="2" side_tool="false" content_ui="combo" />
      <window_info id="Find" active="false" anchor="bottom" auto_hide="false" internal_type="DOCKED" type="DOCKED" visible="false" show_stripe_button="true" weight="0.32882884" sideWeight="0.5" order="1" side_tool="false" content_ui="tabs" />
      <window_info id="Database" active="false" anchor="right" auto_hide="false" internal_type="DOCKED" type="DOCKED" visible="false" show_stripe_button="true" weight="0.33" sideWeight="0.5" order="3" side_tool="false" content_ui="tabs" />
      <window_info id="Ant Build" active="false" anchor="right" auto_hide="false" internal_type="DOCKED" type="DOCKED" visible="false" show_stripe_button="true" weight="0.25" sideWeight="0.5" order="1" side_tool="false" content_ui="tabs" />
    </layout>
    <layout-to-restore>
      <window_info id="TODO" active="false" anchor="bottom" auto_hide="false" internal_type="DOCKED" type="DOCKED" visible="false" weight="0.33" sideWeight="0.5" order="6" side_tool="false" content_ui="tabs" />
      <window_info id="Cvs" active="false" anchor="bottom" auto_hide="false" internal_type="DOCKED" type="DOCKED" visible="false" weight="0.25" sideWeight="0.5" order="4" side_tool="false" content_ui="tabs" />
      <window_info id="Messages" active="false" anchor="bottom" auto_hide="false" internal_type="DOCKED" type="DOCKED" visible="false" weight="0.33" sideWeight="0.5" order="8" side_tool="false" content_ui="tabs" />
      <window_info id="Message" active="false" anchor="bottom" auto_hide="false" internal_type="DOCKED" type="DOCKED" visible="false" weight="0.33" sideWeight="0.5" order="0" side_tool="false" content_ui="tabs" />
      <window_info id="Commander" active="false" anchor="right" auto_hide="false" internal_type="SLIDING" type="SLIDING" visible="false" weight="0.4" sideWeight="0.5" order="0" side_tool="false" content_ui="tabs" />
      <window_info id="Event Log" active="false" anchor="bottom" auto_hide="false" internal_type="DOCKED" type="DOCKED" visible="false" weight="0.33" sideWeight="0.5" order="12" side_tool="true" content_ui="tabs" />
      <window_info id="Application Servers" active="false" anchor="bottom" auto_hide="false" internal_type="DOCKED" type="DOCKED" visible="false" weight="0.33" sideWeight="0.5" order="10" side_tool="false" content_ui="tabs" />
      <window_info id="Inspection" active="false" anchor="bottom" auto_hide="false" internal_type="DOCKED" type="DOCKED" visible="false" weight="0.4" sideWeight="0.5" order="5" side_tool="false" content_ui="tabs" />
      <window_info id="Python Console" active="false" anchor="bottom" auto_hide="false" internal_type="DOCKED" type="DOCKED" visible="false" weight="0.33" sideWeight="0.5" order="9" side_tool="false" content_ui="tabs" />
      <window_info id="Version Control" active="false" anchor="bottom" auto_hide="false" internal_type="DOCKED" type="DOCKED" visible="false" weight="0.33" sideWeight="0.5" order="7" side_tool="false" content_ui="tabs" />
      <window_info id="Run" active="false" anchor="bottom" auto_hide="false" internal_type="DOCKED" type="DOCKED" visible="true" weight="0.37556562" sideWeight="0.5" order="2" side_tool="false" content_ui="tabs" />
      <window_info id="Terminal" active="false" anchor="bottom" auto_hide="false" internal_type="DOCKED" type="DOCKED" visible="false" weight="0.33" sideWeight="0.5" order="11" side_tool="false" content_ui="tabs" />
      <window_info id="Project" active="true" anchor="left" auto_hide="false" internal_type="DOCKED" type="DOCKED" visible="true" weight="0.24741507" sideWeight="0.5" order="0" side_tool="false" content_ui="combo" />
      <window_info id="Hierarchy" active="false" anchor="right" auto_hide="false" internal_type="DOCKED" type="DOCKED" visible="false" weight="0.25" sideWeight="0.5" order="2" side_tool="false" content_ui="combo" />
      <window_info id="Find" active="false" anchor="bottom" auto_hide="false" internal_type="DOCKED" type="DOCKED" visible="false" weight="0.32882884" sideWeight="0.5" order="1" side_tool="false" content_ui="tabs" />
      <window_info id="Database" active="false" anchor="right" auto_hide="false" internal_type="DOCKED" type="DOCKED" visible="false" weight="0.33" sideWeight="0.5" order="3" side_tool="false" content_ui="tabs" />
      <window_info id="Structure" active="false" anchor="left" auto_hide="false" internal_type="DOCKED" type="DOCKED" visible="false" weight="0.25" sideWeight="0.5" order="1" side_tool="false" content_ui="tabs" />
      <window_info id="Ant Build" active="false" anchor="right" auto_hide="false" internal_type="DOCKED" type="DOCKED" visible="false" weight="0.25" sideWeight="0.5" order="1" side_tool="false" content_ui="tabs" />
      <window_info id="Favorites" active="false" anchor="left" auto_hide="false" internal_type="DOCKED" type="DOCKED" visible="false" weight="0.33" sideWeight="0.5" order="2" side_tool="true" content_ui="tabs" />
      <window_info id="Debug" active="false" anchor="bottom" auto_hide="false" internal_type="DOCKED" type="DOCKED" visible="false" weight="0.3993994" sideWeight="0.5" order="3" side_tool="false" content_ui="tabs" />
    </layout-to-restore>
  </component>
  <component name="TypeScriptGeneratedFilesManager">
    <option name="processedProjectFiles" value="true" />
  </component>
  <component name="Vcs.Log.UiProperties">
    <option name="RECENTLY_FILTERED_USER_GROUPS">
      <collection />
    </option>
    <option name="RECENTLY_FILTERED_BRANCH_GROUPS">
      <collection />
    </option>
  </component>
  <component name="VcsContentAnnotationSettings">
    <option name="myLimit" value="2678400000" />
  </component>
  <component name="VcsManagerConfiguration">
    <MESSAGE value="small changes" />
    <MESSAGE value="added difficulty wise counter for codeforces users" />
    <option name="LAST_COMMIT_MESSAGE" value="added difficulty wise counter for codeforces users" />
  </component>
  <component name="XDebuggerManager">
    <breakpoint-manager>
      <breakpoints>
        <line-breakpoint enabled="true" type="python-line">
          <url>file://$PROJECT_DIR$/Model Training/Codechef/get_probs.py</url>
          <option name="timeStamp" value="4" />
        </line-breakpoint>
        <line-breakpoint enabled="true" suspend="THREAD" type="python-line">
          <url>file://$PROJECT_DIR$/Model Training/Codeforces Model 2 - TF-IDF/train.py</url>
          <line>41</line>
          <option name="timeStamp" value="6" />
        </line-breakpoint>
        <line-breakpoint enabled="true" suspend="THREAD" type="python-line">
          <url>file://$PROJECT_DIR$/Model Training/Codechef Model 2 - TF-IDF/train.py</url>
          <option name="timeStamp" value="7" />
        </line-breakpoint>
        <line-breakpoint enabled="true" suspend="THREAD" type="python-line">
          <url>file://$PROJECT_DIR$/Model Training/Codeforces Model 2 - TF-IDF/generate_dataset.py</url>
          <option name="timeStamp" value="8" />
        </line-breakpoint>
      </breakpoints>
      <breakpoints-dialog>
        <breakpoints-dialog />
      </breakpoints-dialog>
      <option name="time" value="9" />
    </breakpoint-manager>
    <watches-manager />
  </component>
  <component name="editorHistoryManager">
<<<<<<< HEAD
=======
<<<<<<< HEAD
=======
    <entry file="file://$PROJECT_DIR$/Data Transformation/codechef_problem/prob_class.py">
      <provider selected="true" editor-type-id="text-editor">
        <state relative-caret-position="0">
          <caret line="20" column="26" selection-start-line="20" selection-start-column="6" selection-end-line="20" selection-end-column="26" />
        </state>
      </provider>
    </entry>
    <entry file="file://$PROJECT_DIR$/Model Training/Codechef/feature_extraction.py">
      <provider selected="true" editor-type-id="text-editor">
        <state relative-caret-position="0">
          <caret line="24" column="4" selection-start-line="24" selection-start-column="4" selection-end-line="24" selection-end-column="4" />
        </state>
      </provider>
    </entry>
>>>>>>> 8a1e76b6c43ce47aa184528854439708e6328209
    <entry file="file://$PROJECT_DIR$/Data Transformation/codeforces_problem/prob_class.py">
      <provider selected="true" editor-type-id="text-editor">
        <state vertical-scroll-proportion="0.0">
          <caret line="0" column="0" selection-start-line="0" selection-start-column="0" selection-end-line="0" selection-end-column="0" />
        </state>
      </provider>
    </entry>
    <entry file="file://$PROJECT_DIR$/Data Transformation/codeforces_problem/lemmatization.py">
      <provider selected="true" editor-type-id="text-editor">
        <state vertical-scroll-proportion="0.0">
          <caret line="71" column="25" selection-start-line="71" selection-start-column="25" selection-end-line="71" selection-end-column="25" />
        </state>
      </provider>
    </entry>
>>>>>>> 7d14dfbb93f364449b7525a662d0645cea66bf72
    <entry file="file://$PROJECT_DIR$/Data Transformation/codeforces_problem/minimize_desc.py">
      <provider selected="true" editor-type-id="text-editor">
        <state vertical-scroll-proportion="0.0">
          <caret line="52" column="15" selection-start-line="52" selection-start-column="15" selection-end-line="52" selection-end-column="15" />
        </state>
      </provider>
    </entry>
    <entry file="file://$PROJECT_DIR$/Data Transformation/codeforces_problem/remove_nondecodable_chars.py">
      <provider selected="true" editor-type-id="text-editor">
        <state vertical-scroll-proportion="0.0">
          <caret line="26" column="25" selection-start-line="26" selection-start-column="25" selection-end-line="26" selection-end-column="25" />
        </state>
      </provider>
    </entry>
    <entry file="file://$PROJECT_DIR$/Data Transformation/codeforces_problem/transform_description.py">
      <provider selected="true" editor-type-id="text-editor">
        <state vertical-scroll-proportion="0.0">
          <caret line="0" column="0" selection-start-line="0" selection-start-column="0" selection-end-line="0" selection-end-column="0" />
        </state>
      </provider>
    </entry>
    <entry file="file://$PROJECT_DIR$/Data Transformation/codeforces_problem/removePunctuation.py">
      <provider selected="true" editor-type-id="text-editor">
        <state vertical-scroll-proportion="0.0">
          <caret line="9" column="29" selection-start-line="9" selection-start-column="28" selection-end-line="9" selection-end-column="29" />
        </state>
      </provider>
    </entry>
    <entry file="file://$PROJECT_DIR$/Model Training/Codechef/train.py">
      <provider selected="true" editor-type-id="text-editor">
        <state vertical-scroll-proportion="0.0">
          <caret line="0" column="0" selection-start-line="0" selection-start-column="0" selection-end-line="0" selection-end-column="0" />
        </state>
      </provider>
    </entry>
    <entry file="file://$PROJECT_DIR$/Model Training/Codechef/training_params.py">
      <provider selected="true" editor-type-id="text-editor">
        <state vertical-scroll-proportion="0.0">
          <caret line="0" column="0" selection-start-line="0" selection-start-column="0" selection-end-line="0" selection-end-column="0" />
        </state>
      </provider>
    </entry>
    <entry file="file://$PROJECT_DIR$/Model Training/CodeChef Model 1/model/greedy">
      <provider selected="true" editor-type-id="text-editor">
        <state vertical-scroll-proportion="0.0">
          <caret line="0" column="0" selection-start-line="0" selection-start-column="0" selection-end-line="0" selection-end-column="0" />
        </state>
      </provider>
    </entry>
<<<<<<< HEAD
    <entry file="file://$PROJECT_DIR$/Model Training/CodeChef Model 1/prob_class.py">
      <provider selected="true" editor-type-id="text-editor">
        <state vertical-scroll-proportion="0.0">
          <caret line="13" column="19" selection-start-line="13" selection-start-column="4" selection-end-line="13" selection-end-column="19" />
=======
    <entry file="file://$PROJECT_DIR$/Data Extraction/codechef/problems.py">
      <provider selected="true" editor-type-id="text-editor">
        <state relative-caret-position="0">
          <caret line="20" column="28" selection-start-line="20" selection-start-column="13" selection-end-line="20" selection-end-column="28" />
        </state>
      </provider>
    </entry>
    <entry file="file://$PROJECT_DIR$/Extension/popup.html">
      <provider selected="true" editor-type-id="text-editor">
        <state relative-caret-position="0">
          <caret line="19" column="23" selection-start-line="19" selection-start-column="16" selection-end-line="19" selection-end-column="23" />
>>>>>>> 8a1e76b6c43ce47aa184528854439708e6328209
        </state>
      </provider>
    </entry>
    <entry file="file://$PROJECT_DIR$/Extension/manifest.json">
      <provider selected="true" editor-type-id="text-editor">
        <state vertical-scroll-proportion="0.0">
          <caret line="9" column="33" selection-start-line="9" selection-start-column="33" selection-end-line="9" selection-end-column="33" />
        </state>
      </provider>
    </entry>
    <entry file="file://$PROJECT_DIR$/Extension/background.html">
      <provider selected="true" editor-type-id="text-editor">
        <state vertical-scroll-proportion="0.0">
          <caret line="0" column="0" selection-start-line="0" selection-start-column="0" selection-end-line="0" selection-end-column="0" />
        </state>
      </provider>
    </entry>
    <entry file="file://$PROJECT_DIR$/Extension/background.js">
      <provider selected="true" editor-type-id="text-editor">
        <state vertical-scroll-proportion="0.0">
          <caret line="16" column="54" selection-start-line="16" selection-start-column="54" selection-end-line="16" selection-end-column="54" />
        </state>
      </provider>
    </entry>
<<<<<<< HEAD
    <entry file="file://$PROJECT_DIR$/Model Training/Integrated Model 1/train.py">
      <provider selected="true" editor-type-id="text-editor">
        <state vertical-scroll-proportion="0.0">
          <caret line="27" column="46" selection-start-line="27" selection-start-column="46" selection-end-line="27" selection-end-column="46" />
=======
    <entry file="file://$PROJECT_DIR$/Extension/myscript.js">
      <provider selected="true" editor-type-id="text-editor">
        <state relative-caret-position="0">
          <caret line="12" column="31" selection-start-line="12" selection-start-column="31" selection-end-line="12" selection-end-column="31" />
>>>>>>> 8a1e76b6c43ce47aa184528854439708e6328209
        </state>
      </provider>
    </entry>
    <entry file="file://$PROJECT_DIR$/Model Training/Integrated Model 1/generate_dataset.py">
      <provider selected="true" editor-type-id="text-editor">
        <state vertical-scroll-proportion="0.0">
          <caret line="143" column="52" selection-start-line="143" selection-start-column="52" selection-end-line="143" selection-end-column="52" />
        </state>
      </provider>
    </entry>
    <entry file="file://$PROJECT_DIR$/Server/exceptScenarios.log">
      <provider selected="true" editor-type-id="text-editor">
        <state vertical-scroll-proportion="0.0">
          <caret line="0" column="0" selection-start-line="0" selection-start-column="0" selection-end-line="0" selection-end-column="0" />
        </state>
      </provider>
    </entry>
    <entry file="file://$PROJECT_DIR$/Model Training/Integrated Model 1/prob_class.py">
      <provider selected="true" editor-type-id="text-editor">
        <state vertical-scroll-proportion="0.0">
          <caret line="11" column="31" selection-start-line="11" selection-start-column="31" selection-end-line="11" selection-end-column="31" />
        </state>
      </provider>
    </entry>
    <entry file="file://$PROJECT_DIR$/Data Transformation/codechef_problem/minimize_desc.py">
      <provider selected="true" editor-type-id="text-editor">
        <state vertical-scroll-proportion="0.0">
          <caret line="51" column="0" selection-start-line="51" selection-start-column="0" selection-end-line="51" selection-end-column="0" />
        </state>
      </provider>
    </entry>
    <entry file="file://$PROJECT_DIR$/Data Transformation/codechef_problem/transform_description.py">
      <provider selected="true" editor-type-id="text-editor">
        <state vertical-scroll-proportion="0.0">
          <caret line="10" column="15" selection-start-line="10" selection-start-column="15" selection-end-line="10" selection-end-column="15" />
        </state>
      </provider>
    </entry>
    <entry file="file://$PROJECT_DIR$/Data Transformation/codechef_problem/lemmatization.py">
      <provider selected="true" editor-type-id="text-editor">
        <state vertical-scroll-proportion="0.0">
          <caret line="55" column="0" selection-start-line="55" selection-start-column="0" selection-end-line="55" selection-end-column="0" />
        </state>
      </provider>
    </entry>
    <entry file="file://$PROJECT_DIR$/Data Transformation/codechef_problem/remove_nondecodable_chars.py">
      <provider selected="true" editor-type-id="text-editor">
        <state vertical-scroll-proportion="0.0">
          <caret line="26" column="8" selection-start-line="26" selection-start-column="8" selection-end-line="26" selection-end-column="8" />
        </state>
      </provider>
    </entry>
    <entry file="file://$PROJECT_DIR$/Data Transformation/codechef_problem/removePunctuation.py">
      <provider selected="true" editor-type-id="text-editor">
        <state vertical-scroll-proportion="0.0">
          <caret line="34" column="0" selection-start-line="34" selection-start-column="0" selection-end-line="34" selection-end-column="0" />
        </state>
      </provider>
    </entry>
    <entry file="file://$PROJECT_DIR$/Model Training/Codeforces Model 3 - Naive Bayes/data/dp_training.csv">
      <provider selected="true" editor-type-id="LargeFileEditor">
        <state />
      </provider>
    </entry>
    <entry file="file://$PROJECT_DIR$/Model Training/Codeforces Model 3 - Naive Bayes/accuracy.csv">
      <provider selected="true" editor-type-id="text-editor">
        <state vertical-scroll-proportion="0.0">
          <caret line="0" column="0" selection-start-line="0" selection-start-column="0" selection-end-line="0" selection-end-column="0" />
        </state>
      </provider>
    </entry>
<<<<<<< HEAD
=======
<<<<<<< HEAD
    <entry file="file://$PROJECT_DIR$/Model Training/CodeChef Model 1/predict.py">
      <provider selected="true" editor-type-id="text-editor">
        <state vertical-scroll-proportion="0.0">
          <caret line="13" column="16" selection-start-line="13" selection-start-column="16" selection-end-line="13" selection-end-column="16" />
        </state>
      </provider>
    </entry>
=======
>>>>>>> 8a1e76b6c43ce47aa184528854439708e6328209
    <entry file="file://$PROJECT_DIR$/Model Training/CodeChef Model 1/generate_dataset.py">
      <provider selected="true" editor-type-id="text-editor">
        <state vertical-scroll-proportion="0.0">
          <caret line="121" column="0" selection-start-line="121" selection-start-column="0" selection-end-line="121" selection-end-column="0" />
        </state>
      </provider>
    </entry>
    <entry file="file://$PROJECT_DIR$/Model Training/CodeChef Model 1/get_probs.py">
      <provider selected="true" editor-type-id="text-editor">
        <state vertical-scroll-proportion="0.0">
          <caret line="25" column="0" selection-start-line="25" selection-start-column="0" selection-end-line="25" selection-end-column="0" />
        </state>
      </provider>
    </entry>
>>>>>>> 7d14dfbb93f364449b7525a662d0645cea66bf72
    <entry file="file://$PROJECT_DIR$/Model Training/Utilities/get_session.py">
      <provider selected="true" editor-type-id="text-editor">
        <state vertical-scroll-proportion="0.0">
          <caret line="4" column="4" selection-start-line="4" selection-start-column="4" selection-end-line="4" selection-end-column="4" />
        </state>
      </provider>
    </entry>
    <entry file="file://$PROJECT_DIR$/Model Training/Codeforces Model 2 - TF-IDF/data/tree_training.csv">
      <provider selected="true" editor-type-id="text-editor">
        <state vertical-scroll-proportion="0.0">
          <caret line="0" column="0" selection-start-line="0" selection-start-column="0" selection-end-line="0" selection-end-column="0" />
        </state>
      </provider>
    </entry>
<<<<<<< HEAD
=======
    <entry file="file://$PROJECT_DIR$/Model Training/Codeforces Model 2 - TF-IDF/get_probs.py">
      <provider selected="true" editor-type-id="text-editor">
        <state vertical-scroll-proportion="0.0">
          <caret line="19" column="0" selection-start-line="19" selection-start-column="0" selection-end-line="19" selection-end-column="0" />
        </state>
      </provider>
    </entry>
>>>>>>> 7d14dfbb93f364449b7525a662d0645cea66bf72
    <entry file="file://$PROJECT_DIR$/Model Training/Codeforces Model 2 - TF-IDF/prob_class.py">
      <provider selected="true" editor-type-id="text-editor">
        <state vertical-scroll-proportion="0.0">
          <caret line="9" column="33" selection-start-line="9" selection-start-column="33" selection-end-line="9" selection-end-column="33" />
        </state>
      </provider>
    </entry>
    <entry file="file://$PROJECT_DIR$/Model Training/Codeforces Model 2 - TF-IDF/feature_extraction.py">
      <provider selected="true" editor-type-id="text-editor">
<<<<<<< HEAD
        <state vertical-scroll-proportion="0.0">
          <caret line="5" column="38" selection-start-line="5" selection-start-column="38" selection-end-line="5" selection-end-column="38" />
          <folding />
=======
        <state relative-caret-position="115">
          <caret line="48" column="27" selection-start-line="48" selection-start-column="27" selection-end-line="48" selection-end-column="27" />
>>>>>>> 8a1e76b6c43ce47aa184528854439708e6328209
        </state>
      </provider>
    </entry>
    <entry file="file://$PROJECT_DIR$/Model Training/Codechef Model 2 - TF-IDF/feature_extraction.py">
      <provider selected="true" editor-type-id="text-editor">
<<<<<<< HEAD
        <state vertical-scroll-proportion="0.0">
          <caret line="48" column="27" selection-start-line="48" selection-start-column="27" selection-end-line="48" selection-end-column="27" />
=======
        <state relative-caret-position="286">
          <caret line="102" column="18" selection-start-line="102" selection-start-column="18" selection-end-line="102" selection-end-column="18" />
>>>>>>> 8a1e76b6c43ce47aa184528854439708e6328209
        </state>
      </provider>
    </entry>
    <entry file="file://$PROJECT_DIR$/Model Training/Codeforces Model 3 - Naive Bayes/train.py">
      <provider selected="true" editor-type-id="text-editor">
<<<<<<< HEAD
        <state vertical-scroll-proportion="0.0">
          <caret line="44" column="23" selection-start-line="44" selection-start-column="23" selection-end-line="44" selection-end-column="23" />
          <folding />
=======
        <state relative-caret-position="300">
          <caret line="109" column="0" selection-start-line="109" selection-start-column="0" selection-end-line="109" selection-end-column="0" />
>>>>>>> 8a1e76b6c43ce47aa184528854439708e6328209
        </state>
      </provider>
    </entry>
    <entry file="file://$PROJECT_DIR$/Model Training/Codechef Model 2 - TF-IDF/train.py">
      <provider selected="true" editor-type-id="text-editor">
<<<<<<< HEAD
        <state vertical-scroll-proportion="0.0">
          <caret line="56" column="20" selection-start-line="56" selection-start-column="20" selection-end-line="56" selection-end-column="20" />
=======
        <state relative-caret-position="315">
          <caret line="21" column="30" selection-start-line="21" selection-start-column="30" selection-end-line="21" selection-end-column="30" />
>>>>>>> 8a1e76b6c43ce47aa184528854439708e6328209
          <folding>
            <element signature="e#0#34#0" expanded="false" />
          </folding>
        </state>
      </provider>
    </entry>
<<<<<<< HEAD
=======
    <entry file="file://$PROJECT_DIR$/Model Training/Codeforces Model 2 - TF-IDF/train.py">
      <provider selected="true" editor-type-id="text-editor">
<<<<<<< HEAD
        <state vertical-scroll-proportion="0.0">
          <caret line="102" column="18" selection-start-line="102" selection-start-column="18" selection-end-line="102" selection-end-column="18" />
=======
        <state relative-caret-position="429">
          <caret line="98" column="35" selection-start-line="98" selection-start-column="35" selection-end-line="98" selection-end-column="35" />
          <folding>
            <element signature="e#0#34#0" expanded="false" />
          </folding>
        </state>
      </provider>
    </entry>
>>>>>>> 7d14dfbb93f364449b7525a662d0645cea66bf72
    <entry file="file://$PROJECT_DIR$/Model Training/Integrated Model 1/train.py">
      <provider selected="true" editor-type-id="text-editor">
        <state relative-caret-position="414">
          <caret line="92" column="24" selection-start-line="92" selection-start-column="24" selection-end-line="92" selection-end-column="24" />
        </state>
      </provider>
    </entry>
    <entry file="file://$PROJECT_DIR$/Model Training/CodeChef Model 1/prob_class.py">
      <provider selected="true" editor-type-id="text-editor">
        <state relative-caret-position="210">
          <caret line="15" column="35" selection-start-line="15" selection-start-column="35" selection-end-line="15" selection-end-column="35" />
        </state>
      </provider>
    </entry>
    <entry file="file://$PROJECT_DIR$/Model Training/Codechef Model 2 - TF-IDF/prob_class.py">
      <provider selected="true" editor-type-id="text-editor">
        <state relative-caret-position="315">
          <caret line="21" column="23" selection-start-line="21" selection-start-column="23" selection-end-line="21" selection-end-column="23" />
        </state>
      </provider>
    </entry>
    <entry file="file://$PROJECT_DIR$/Model Training/CodeChef Model 1/predict.py">
      <provider selected="true" editor-type-id="text-editor">
        <state relative-caret-position="438">
          <caret line="42" column="46" selection-start-line="42" selection-start-column="46" selection-end-line="42" selection-end-column="46" />
        </state>
      </provider>
    </entry>
    <entry file="file://$PROJECT_DIR$/Model Training/Utilities/constants.py">
      <provider selected="true" editor-type-id="text-editor">
        <state relative-caret-position="90">
          <caret line="6" column="0" selection-start-line="6" selection-start-column="0" selection-end-line="6" selection-end-column="0" />
<<<<<<< HEAD
=======
          <folding />
>>>>>>> 8a1e76b6c43ce47aa184528854439708e6328209
>>>>>>> 7d14dfbb93f364449b7525a662d0645cea66bf72
        </state>
      </provider>
    </entry>
    <entry file="file://$PROJECT_DIR$/Model Training/CodeChef Model 1/accuracy.csv">
      <provider selected="true" editor-type-id="text-editor">
<<<<<<< HEAD
        <state vertical-scroll-proportion="0.0">
          <caret line="109" column="0" selection-start-line="109" selection-start-column="0" selection-end-line="109" selection-end-column="0" />
=======
        <state relative-caret-position="270">
          <caret line="18" column="0" selection-start-line="18" selection-start-column="0" selection-end-line="18" selection-end-column="0" />
        </state>
      </provider>
    </entry>
    <entry file="file://$PROJECT_DIR$/Model Training/Codeforces Model 2 - TF-IDF/train.py">
      <provider selected="true" editor-type-id="text-editor">
        <state relative-caret-position="210">
          <caret line="121" column="14" selection-start-line="121" selection-start-column="14" selection-end-line="121" selection-end-column="14" />
          <folding />
>>>>>>> 8a1e76b6c43ce47aa184528854439708e6328209
        </state>
      </provider>
    </entry>
    <entry file="file://$PROJECT_DIR$/Model Training/CodeChef Model 1/change_num_of_words_as_features_pickle.py">
      <provider selected="true" editor-type-id="text-editor">
        <state relative-caret-position="0">
          <caret line="0" column="0" selection-start-line="0" selection-start-column="0" selection-end-line="0" selection-end-column="0" />
        </state>
      </provider>
    </entry>
    <entry file="file://$PROJECT_DIR$/Model Training/Codeforces Model 2 - TF-IDF/word_count.py">
      <provider selected="true" editor-type-id="text-editor">
        <state relative-caret-position="180">
          <caret line="14" column="0" selection-start-line="14" selection-start-column="0" selection-end-line="14" selection-end-column="0" />
        </state>
      </provider>
    </entry>
    <entry file="file://$PROJECT_DIR$/Model Training/Codeforces Model 2 - TF-IDF/get_probs.py">
      <provider selected="true" editor-type-id="text-editor">
        <state relative-caret-position="-45">
          <caret line="14" column="0" selection-start-line="14" selection-start-column="0" selection-end-line="14" selection-end-column="0" />
        </state>
      </provider>
    </entry>
    <entry file="file://$PROJECT_DIR$/Model Training/Codeforces Model 2 - TF-IDF/generate_dataset.py">
      <provider selected="true" editor-type-id="text-editor">
        <state relative-caret-position="0">
          <caret line="0" column="62" selection-start-line="0" selection-start-column="22" selection-end-line="0" selection-end-column="62" />
          <folding />
        </state>
      </provider>
    </entry>
    <entry file="file://$PROJECT_DIR$/Model Training/CodeChef Model 1/get_probs.py">
      <provider selected="true" editor-type-id="text-editor">
        <state relative-caret-position="309">
          <caret line="21" column="4" selection-start-line="21" selection-start-column="4" selection-end-line="21" selection-end-column="4" />
          <folding />
        </state>
      </provider>
    </entry>
    <entry file="file://$PROJECT_DIR$/Model Training/CodeChef Model 1/word_count.py">
      <provider selected="true" editor-type-id="text-editor">
        <state relative-caret-position="0">
          <caret line="0" column="0" selection-start-line="0" selection-start-column="0" selection-end-line="0" selection-end-column="0" />
          <folding>
            <element signature="e#0#13#0" expanded="true" />
          </folding>
        </state>
      </provider>
    </entry>
    <entry file="file://$PROJECT_DIR$/Model Training/CodeChef Model 1/generate_dataset.py">
      <provider selected="true" editor-type-id="text-editor">
        <state relative-caret-position="-1305">
          <caret line="0" column="0" selection-start-line="0" selection-start-column="0" selection-end-line="0" selection-end-column="0" />
          <folding>
            <element signature="e#0#102#0" expanded="true" />
          </folding>
        </state>
      </provider>
    </entry>
    <entry file="file://$PROJECT_DIR$/Model Training/CodeChef Model 1/train.py">
      <provider selected="true" editor-type-id="text-editor">
<<<<<<< HEAD
        <state relative-caret-position="1275">
          <caret line="88" column="22" selection-start-line="88" selection-start-column="22" selection-end-line="88" selection-end-column="22" />
=======
<<<<<<< HEAD
        <state vertical-scroll-proportion="0.0">
          <caret line="88" column="0" selection-start-line="88" selection-start-column="0" selection-end-line="88" selection-end-column="0" />
          <folding>
            <element signature="e#0#34#0" expanded="false" />
          </folding>
        </state>
      </provider>
    </entry>
    <entry file="file://$PROJECT_DIR$/Extension/popup.js">
      <provider selected="true" editor-type-id="text-editor">
        <state vertical-scroll-proportion="0.0">
          <caret line="1" column="2" selection-start-line="1" selection-start-column="2" selection-end-line="1" selection-end-column="2" />
          <folding />
        </state>
      </provider>
    </entry>
    <entry file="file://$PROJECT_DIR$/Extension/popup.html">
      <provider selected="true" editor-type-id="text-editor">
        <state vertical-scroll-proportion="-7.3846154">
          <caret line="20" column="81" selection-start-line="20" selection-start-column="81" selection-end-line="20" selection-end-column="81" />
          <folding>
            <element signature="n#style#0;n#button#0;n#body#0;n#html#0;n#!!top" expanded="true" />
            <element signature="n#style#0;n#img#0;n#body#0;n#html#0;n#!!top" expanded="true" />
            <element signature="n#style#0;n#div#0;n#body#0;n#html#0;n#!!top" expanded="true" />
          </folding>
        </state>
      </provider>
    </entry>
    <entry file="file://$PROJECT_DIR$/Model Training/Integrated Model 1/predict.py">
      <provider selected="true" editor-type-id="text-editor">
        <state vertical-scroll-proportion="0.0">
          <caret line="24" column="19" selection-start-line="24" selection-start-column="19" selection-end-line="24" selection-end-column="19" />
          <folding />
        </state>
      </provider>
    </entry>
    <entry file="file://$PROJECT_DIR$/Extension/myscript.js">
      <provider selected="true" editor-type-id="text-editor">
        <state vertical-scroll-proportion="0.0">
          <caret line="19" column="7" selection-start-line="19" selection-start-column="7" selection-end-line="19" selection-end-column="7" />
          <folding />
        </state>
      </provider>
    </entry>
    <entry file="file://$PROJECT_DIR$/Server/predictCategory.py">
      <provider selected="true" editor-type-id="text-editor">
        <state vertical-scroll-proportion="0.0">
          <caret line="2" column="0" selection-start-line="2" selection-start-column="0" selection-end-line="2" selection-end-column="56" />
          <folding />
        </state>
      </provider>
    </entry>
    <entry file="file://$PROJECT_DIR$/Data Extraction/Codeforces/scrapeCodeforcesProblem.py">
      <provider selected="true" editor-type-id="text-editor">
        <state vertical-scroll-proportion="-1.919192">
          <caret line="10" column="10" selection-start-line="10" selection-start-column="10" selection-end-line="10" selection-end-column="10" />
          <folding />
        </state>
      </provider>
    </entry>
    <entry file="file://$PROJECT_DIR$/Data Extraction/SPOJ/scrapeSpojProblem.py">
      <provider selected="true" editor-type-id="text-editor">
        <state vertical-scroll-proportion="0.49704143">
          <caret line="107" column="55" selection-start-line="107" selection-start-column="54" selection-end-line="107" selection-end-column="55" />
          <folding>
            <element signature="e#0#42#0" expanded="true" />
=======
        <state relative-caret-position="1050">
          <caret line="93" column="27" selection-start-line="93" selection-start-column="27" selection-end-line="93" selection-end-column="27" />
>>>>>>> 7d14dfbb93f364449b7525a662d0645cea66bf72
          <folding>
            <element signature="e#0#40#0" expanded="true" />
>>>>>>> 8a1e76b6c43ce47aa184528854439708e6328209
          </folding>
        </state>
      </provider>
    </entry>
    <entry file="file://$PROJECT_DIR$/Data Extraction/SPOJ/SpojProblemPage.py">
      <provider selected="true" editor-type-id="text-editor">
        <state vertical-scroll-proportion="0.33136094">
          <caret line="62" column="14" selection-start-line="62" selection-start-column="12" selection-end-line="62" selection-end-column="14" />
          <folding>
            <element signature="e#0#30#0" expanded="true" />
          </folding>
        </state>
      </provider>
    </entry>
    <entry file="file://$PROJECT_DIR$/Data Extraction/codechef/scaro.py">
      <provider selected="true" editor-type-id="text-editor">
        <state vertical-scroll-proportion="-1.4469697">
          <caret line="13" column="57" selection-start-line="13" selection-start-column="57" selection-end-line="13" selection-end-column="57" />
          <folding>
            <element signature="e#0#50#0" expanded="false" />
          </folding>
        </state>
      </provider>
    </entry>
    <entry file="file://$PROJECT_DIR$/Data Extraction/SPOJ/spojProblem.py">
      <provider selected="true" editor-type-id="text-editor">
        <state vertical-scroll-proportion="0.0">
          <caret line="63" column="81" selection-start-line="63" selection-start-column="81" selection-end-line="63" selection-end-column="81" />
          <folding>
            <element signature="e#0#10#0" expanded="true" />
          </folding>
        </state>
      </provider>
    </entry>
    <entry file="file://$PROJECT_DIR$/Server/server.py">
      <provider selected="true" editor-type-id="text-editor">
        <state vertical-scroll-proportion="0.0">
          <caret line="43" column="23" selection-start-line="43" selection-start-column="23" selection-end-line="43" selection-end-column="23" />
          <folding>
            <element signature="e#304#351#0" expanded="true" />
          </folding>
        </state>
      </provider>
    </entry>
    <entry file="file://$PROJECT_DIR$/Data Extraction/Codeforces/CodeforcesProblem.py">
      <provider selected="true" editor-type-id="text-editor">
        <state vertical-scroll-proportion="0.0">
          <caret line="106" column="11" selection-start-line="106" selection-start-column="11" selection-end-line="106" selection-end-column="11" />
          <folding />
        </state>
      </provider>
    </entry>
    <entry file="file://$PROJECT_DIR$/Data Extraction/codechef/problems.py">
      <provider selected="true" editor-type-id="text-editor">
        <state vertical-scroll-proportion="0.78535354">
          <caret line="151" column="15" selection-start-line="151" selection-start-column="15" selection-end-line="151" selection-end-column="15" />
          <folding />
        </state>
      </provider>
    </entry>
  </component>
</project>